timestamp,project_name,run_id,experiment_id,duration,emissions,emissions_rate,cpu_power,gpu_power,ram_power,cpu_energy,gpu_energy,ram_energy,energy_consumed,country_name,country_iso_code,region,cloud_provider,cloud_region,os,python_version,codecarbon_version,cpu_count,cpu_model,gpu_count,gpu_model,longitude,latitude,ram_total_size,tracking_mode,on_cloud,pue
2025-04-03T13:37:43,Lucas Sequence - Iterative,1f94b9df-6240-458a-90ea-863921b398ca,5b0fa12a-3dd7-45bb-9766-cc326314d9f1,6.777487375,1.8821817340853343e-08,2.777108432585364e-09,0.7252000000000001,0.0371,0.0631227493286132,4.529503513888038e-09,3.498263772461113e-08,2.472088505824805e-11,3.953686212355743e-08,United States,USA,texas,,,macOS-10.16-x86_64-i386-64bit,3.9.12,2.8.3,8,Apple M1 Pro,1,Apple M1 Pro,-97.1479,32.6227,16.0,process,N,1.0
2025-04-03T13:37:58,Lucas Sequence - Iterative,6a1a4025-e40e-4b8f-97a1-02675a6e4625,5b0fa12a-3dd7-45bb-9766-cc326314d9f1,6.832041459000003,1.45568554839588e-08,2.130674348409102e-09,1.0587000000000002,0.0251,0.0632643699645996,6.957668765500756e-09,2.3592069565972244e-08,2.82009715834988e-11,3.05779393030565e-08,United States,USA,texas,,,macOS-10.16-x86_64-i386-64bit,3.9.12,2.8.3,8,Apple M1 Pro,1,Apple M1 Pro,-97.1479,32.6227,16.0,process,N,1.0
2025-04-03T13:38:12,Lucas Sequence - Iterative,464e5bfc-7957-4055-a413-cd96847ce226,5b0fa12a-3dd7-45bb-9766-cc326314d9f1,6.791271208999987,3.869054604654334e-09,5.69709924045877e-10,1.0395,0.0052,0.0591673851013183,3.25729259624829e-09,4.8592356944444455e-09,1.0756959319049034e-11,8.127285250011784e-09,United States,USA,texas,,,macOS-10.16-x86_64-i386-64bit,3.9.12,2.8.3,8,Apple M1 Pro,1,Apple M1 Pro,-97.1479,32.6227,16.0,process,N,1.0
2025-04-03T13:38:29,Lucas Sequence - Recursive,94a79835-099a-44c2-bba8-b0ec05743502,5b0fa12a-3dd7-45bb-9766-cc326314d9f1,6.804630791000008,7.229307616064799e-09,1.0624099731651102e-09,1.6101,0.0009,0.0591874122619628,1.4307695218752936e-08,8.539854375000005e-10,2.410790438447128e-11,1.5185788560637413e-08,United States,USA,texas,,,macOS-10.16-x86_64-i386-64bit,3.9.12,2.8.3,8,Apple M1 Pro,1,Apple M1 Pro,-97.1479,32.6227,16.0,process,N,1.0
2025-04-03T13:38:45,Lucas Sequence - Recursive,1ce3323a-2c66-4b5a-bc4f-fcd04524d2b7,5b0fa12a-3dd7-45bb-9766-cc326314d9f1,6.746463167000002,3.541789481452089e-09,5.249846317662537e-10,0.6084,0.0009,0.059241771697998,6.2130244019992925e-09,8.522120417500005e-10,3.7459998983966767e-10,7.439836433588961e-09,United States,USA,texas,,,macOS-10.16-x86_64-i386-64bit,3.9.12,2.8.3,8,Apple M1 Pro,1,Apple M1 Pro,-97.1479,32.6227,16.0,process,N,1.0
2025-04-03T13:38:59,Lucas Sequence - Recursive,ba054af9-7210-441d-aaf8-83b18a33ecfd,5b0fa12a-3dd7-45bb-9766-cc326314d9f1,7.487746291999997,7.976004575188457e-08,1.0652076424798366e-08,0.8272,0.0026999999999999,0.059333324432373,1.5365559781733452e-07,3.013479875249995e-09,1.0873826095786853e-08,1.6754290378837136e-07,United States,USA,texas,,,macOS-10.16-x86_64-i386-64bit,3.9.12,2.8.3,8,Apple M1 Pro,1,Apple M1 Pro,-97.1479,32.6227,16.0,process,N,1.0
2025-04-03T13:39:17,Lucas Sequence - Iterative,ebff8d4a-9d31-4868-a239-d9ca8b80944d,5b0fa12a-3dd7-45bb-9766-cc326314d9f1,6.69453516599998,4.875951240508539e-09,7.28347991249995e-10,1.4350999999999998,0.0009,0.0503597259521484,9.380205462026136e-09,8.387037187499971e-10,2.3449908467615268e-11,1.0242359089243749e-08,United States,USA,texas,,,macOS-10.16-x86_64-i386-64bit,3.9.12,2.8.3,8,Apple M1 Pro,1,Apple M1 Pro,-97.1479,32.6227,16.0,process,N,1.0
2025-04-03T13:39:32,Lucas Sequence - Iterative,4258d80d-3b3c-40b7-afd8-b0732fe630d2,5b0fa12a-3dd7-45bb-9766-cc326314d9f1,6.736913791999996,4.678520761678984e-09,6.944605358071632e-10,1.3832000000000002,0.0009,0.0355939865112304,8.964000499994839e-09,8.45368791749997e-10,1.8269928576939878e-11,9.827639220321776e-09,United States,USA,texas,,,macOS-10.16-x86_64-i386-64bit,3.9.12,2.8.3,8,Apple M1 Pro,1,Apple M1 Pro,-97.1479,32.6227,16.0,process,N,1.0
2025-04-03T13:39:46,Lucas Sequence - Iterative,45638f19-5179-4308-a715-b6abfba6a4d0,5b0fa12a-3dd7-45bb-9766-cc326314d9f1,6.731749958999984,1.3434444133202919e-09,1.9956837694545967e-10,0.6095999999999999,0.0009,0.0317087173461914,1.9743067786650195e-09,8.40462260499997e-10,7.252638030779379e-12,2.822021677195796e-09,United States,USA,texas,,,macOS-10.16-x86_64-i386-64bit,3.9.12,2.8.3,8,Apple M1 Pro,1,Apple M1 Pro,-97.1479,32.6227,16.0,process,N,1.0
2025-04-03T13:41:25,Lucas Sequence - Recursive,78c312e1-99bc-4dea-a1f4-870fd4fd7df6,5b0fa12a-3dd7-45bb-9766-cc326314d9f1,89.13790474999999,3.324240152779757e-05,3.7293227410977e-07,1.5027000000000004,0.0026999999999999,0.0313310623168945,6.931897567300459e-05,6.591180996358338e-08,4.436642482048364e-07,6.982855173117302e-05,United States,USA,texas,,,macOS-10.16-x86_64-i386-64bit,3.9.12,2.8.3,8,Apple M1 Pro,1,Apple M1 Pro,-97.1479,32.6227,16.0,process,N,1.0
2025-04-03T13:43:03,Lucas Sequence - Recursive,e5f13f43-fe11-444b-81b2-71e8d7a8932b,5b0fa12a-3dd7-45bb-9766-cc326314d9f1,88.81675425000003,2.862662058592773e-05,3.22311041735999e-07,0.625,0.0026999999999999,0.0305643081665039,5.967929902509597e-05,2.253119173025e-08,4.308727349016689e-07,6.013270295172789e-05,United States,USA,texas,,,macOS-10.16-x86_64-i386-64bit,3.9.12,2.8.3,8,Apple M1 Pro,1,Apple M1 Pro,-97.1479,32.6227,16.0,process,N,1.0
2025-04-03T14:02:40,Lucas Sequence - Iterative,f835909d-0a21-4fa2-b949-abc5bffaeee7,5b0fa12a-3dd7-45bb-9766-cc326314d9f1,6.765667625000001,1.5813812756299233e-08,2.337361755381714e-09,3.4532000000000003,0.0157,0.0649981498718261,1.8462509819443552e-08,1.473904715625e-08,1.6730252951382845e-11,3.321828722864493e-08,United States,USA,texas,,,macOS-10.16-x86_64-i386-64bit,3.9.12,2.8.3,8,Apple M1 Pro,1,Apple M1 Pro,-97.1479,32.6227,16.0,process,N,1.0
2025-04-03T14:02:55,Lucas Sequence - Iterative,33d1d7cb-376b-4072-9cd6-761b8f81d88f,5b0fa12a-3dd7-45bb-9766-cc326314d9f1,6.784667624999997,1.8904003290166385e-08,2.786282885916079e-09,2.2471,0.0237,0.0652284622192382,1.7348184386305122e-08,2.2324696406249987e-08,3.6620055926622836e-11,3.970950084848173e-08,United States,USA,texas,,,macOS-10.16-x86_64-i386-64bit,3.9.12,2.8.3,8,Apple M1 Pro,1,Apple M1 Pro,-97.1479,32.6227,16.0,process,N,1.0
2025-04-03T14:03:09,Lucas Sequence - Iterative,a2d41181-8e08-46e2-bfaa-0f620ab9b288,5b0fa12a-3dd7-45bb-9766-cc326314d9f1,6.719898375,1.0015132499240124e-08,1.4903696366152451e-09,3.6569,0.0069999999999999,0.0578312873840332,1.4542653260416604e-08,6.484581413333344e-09,1.0421021279948809e-11,2.10376556950299e-08,United States,USA,texas,,,macOS-10.16-x86_64-i386-64bit,3.9.12,2.8.3,8,Apple M1 Pro,1,Apple M1 Pro,-97.1479,32.6227,16.0,process,N,1.0
2025-04-03T14:03:27,Lucas Sequence - Recursive,08053542-a282-413d-85f8-4974ccbae7cc,5b0fa12a-3dd7-45bb-9766-cc326314d9f1,6.8219840000000005,1.7500865934597985e-08,2.5653630871309553e-09,1.5301000000000002,0.0225,0.0577983856201171,1.5391707728220263e-08,2.1341534893749968e-08,2.8846339397439016e-11,3.676208896136768e-08,United States,USA,texas,,,macOS-10.16-x86_64-i386-64bit,3.9.12,2.8.3,8,Apple M1 Pro,1,Apple M1 Pro,-97.1479,32.6227,16.0,process,N,1.0
2025-04-03T14:03:42,Lucas Sequence - Recursive,19df2664-5a36-4ac6-938a-81ac445ffaa4,5b0fa12a-3dd7-45bb-9766-cc326314d9f1,6.794832166999996,1.6508236414345526e-08,2.4295282074103263e-09,1.9547,0.0142,0.0576367378234863,2.0907892003470707e-08,1.3478030910722252e-08,2.9106152345739387e-10,3.467698443765035e-08,United States,USA,texas,,,macOS-10.16-x86_64-i386-64bit,3.9.12,2.8.3,8,Apple M1 Pro,1,Apple M1 Pro,-97.1479,32.6227,16.0,process,N,1.0
2025-04-03T14:03:57,Lucas Sequence - Recursive,e22f3112-485c-4e30-b9a0-9f50ff400a44,5b0fa12a-3dd7-45bb-9766-cc326314d9f1,7.550181417000005,1.438798871374258e-07,1.9056480790443724e-08,1.5505,0.0132,0.0578341484069824,2.773105682443071e-07,1.4754712958333324e-08,1.0166918647594533e-08,3.0223219985023495e-07,United States,USA,texas,,,macOS-10.16-x86_64-i386-64bit,3.9.12,2.8.3,8,Apple M1 Pro,1,Apple M1 Pro,-97.1479,32.6227,16.0,process,N,1.0
2025-04-03T14:04:14,Lucas Sequence - Iterative,e92bb955-3b9b-408e-a591-d15522004b86,5b0fa12a-3dd7-45bb-9766-cc326314d9f1,6.755148707999993,1.3289580765084991e-08,1.9673261595775675e-09,1.269,0.0199,0.0425820350646972,9.218197889997094e-09,1.8682173431499948e-08,1.5547363389328314e-11,2.7915918684886373e-08,United States,USA,texas,,,macOS-10.16-x86_64-i386-64bit,3.9.12,2.8.3,8,Apple M1 Pro,1,Apple M1 Pro,-97.1479,32.6227,16.0,process,N,1.0
2025-04-03T14:04:29,Lucas Sequence - Iterative,d6f75241-e038-4396-951d-68ef5a41df63,5b0fa12a-3dd7-45bb-9766-cc326314d9f1,6.813765791999998,1.1083654325867689e-08,1.6266561933902895e-09,2.0863,0.0062,0.0248408317565917,1.742309233321736e-08,5.849477977999996e-09,9.608288818608987e-12,2.3282178600035973e-08,United States,USA,texas,,,macOS-10.16-x86_64-i386-64bit,3.9.12,2.8.3,8,Apple M1 Pro,1,Apple M1 Pro,-97.1479,32.6227,16.0,process,N,1.0
2025-04-03T14:04:43,Lucas Sequence - Iterative,2a50f005-d528-437f-8270-85553dec2859,5b0fa12a-3dd7-45bb-9766-cc326314d9f1,6.774931583000011,1.8077411168015165e-08,2.6682795164125182e-09,2.2917,0.0308,0.0252141952514648,9.05629995525208e-09,2.8911871236111052e-08,5.001109557141089e-12,3.7973172300920254e-08,United States,USA,texas,,,macOS-10.16-x86_64-i386-64bit,3.9.12,2.8.3,8,Apple M1 Pro,1,Apple M1 Pro,-97.1479,32.6227,16.0,process,N,1.0
2025-04-03T14:06:21,Lucas Sequence - Recursive,2ae35096-b481-4073-94aa-47a7df2303d0,5b0fa12a-3dd7-45bb-9766-cc326314d9f1,87.39572320799999,3.18303797773911e-05,3.6420981037751083e-07,1.7137,0.0,0.0201287269592285,6.644030592233774e-05,8.961152046794446e-08,3.325599582275573e-07,6.686247740103324e-05,United States,USA,texas,,,macOS-10.16-x86_64-i386-64bit,3.9.12,2.8.3,8,Apple M1 Pro,1,Apple M1 Pro,-97.1479,32.6227,16.0,process,N,1.0
2025-04-03T14:07:56,Lucas Sequence - Recursive,0ecc8047-680f-4719-83fc-c1c77e848f37,5b0fa12a-3dd7-45bb-9766-cc326314d9f1,86.29898749999998,3.024994058249709e-05,3.505248608217691e-07,0.6489,0.0018,0.0218310356140136,6.310827120534737e-05,6.525166660436113e-08,3.691047286287178e-07,6.354262760058046e-05,United States,USA,texas,,,macOS-10.16-x86_64-i386-64bit,3.9.12,2.8.3,8,Apple M1 Pro,1,Apple M1 Pro,-97.1479,32.6227,16.0,process,N,1.0
2025-04-03T14:09:39,Lucas Sequence - Iterative,9037e04e-66af-4090-b4a5-efae2dba9093,5b0fa12a-3dd7-45bb-9766-cc326314d9f1,6.7446817920000015,1.0579410538785184e-08,1.56855591783939e-09,3.7565,0.0009,0.0555295944213867,2.1355920585692893e-08,8.478101562500004e-10,1.9239986424423672e-11,2.222297072836732e-08,United States,USA,texas,,,macOS-10.16-x86_64-i386-64bit,3.9.12,2.8.3,8,Apple M1 Pro,1,Apple M1 Pro,-97.1479,32.6227,16.0,process,N,1.0
2025-04-03T14:09:54,Lucas Sequence - Iterative,95058bf2-7919-41b6-b04e-be32168825cb,5b0fa12a-3dd7-45bb-9766-cc326314d9f1,6.771809583,2.2088845018806718e-09,3.261882182018041e-10,0.6302000000000001,0.0009,0.0563406944274902,3.769558805556233e-09,8.507044062500011e-10,1.969054059584161e-11,4.639953752402076e-09,United States,USA,texas,,,macOS-10.16-x86_64-i386-64bit,3.9.12,2.8.3,8,Apple M1 Pro,1,Apple M1 Pro,-97.1479,32.6227,16.0,process,N,1.0
2025-04-03T14:10:08,Lucas Sequence - Iterative,922e7c54-5a55-4486-b841-aecbae808064,5b0fa12a-3dd7-45bb-9766-cc326314d9f1,6.71563574999999,5.0997582743804505e-09,7.59385777345124e-10,3.2139000000000006,0.0009,0.0562777519226074,9.866375714240724e-09,8.351477082499981e-10,1.0961780519411849e-11,1.0712485203010133e-08,United States,USA,texas,,,macOS-10.16-x86_64-i386-64bit,3.9.12,2.8.3,8,Apple M1 Pro,1,Apple M1 Pro,-97.1479,32.6227,16.0,process,N,1.0
2025-04-03T14:10:25,Lucas Sequence - Recursive,1fef4d4d-b1fa-43be-86da-d8a7ab7e026a,5b0fa12a-3dd7-45bb-9766-cc326314d9f1,6.804977292000004,1.934420973032597e-09,2.8426560295898716e-10,0.6353000000000001,0.0009,0.0563135147094726,3.192809033362066e-09,8.52546895750002e-10,1.806334197517708e-11,4.063419271087246e-09,United States,USA,texas,,,macOS-10.16-x86_64-i386-64bit,3.9.12,2.8.3,8,Apple M1 Pro,1,Apple M1 Pro,-97.1479,32.6227,16.0,process,N,1.0
2025-04-03T14:10:41,Lucas Sequence - Recursive,5c6ab274-ef3e-4590-8747-89844ac0d17c,5b0fa12a-3dd7-45bb-9766-cc326314d9f1,6.737853749999999,9.904170189227156e-09,1.4699295290027863e-09,2.3997,0.0009,0.0564637184143066,1.967573489233894e-08,8.42493843750002e-10,2.8634098894953473e-10,2.0804569725038493e-08,United States,USA,texas,,,macOS-10.16-x86_64-i386-64bit,3.9.12,2.8.3,8,Apple M1 Pro,1,Apple M1 Pro,-97.1479,32.6227,16.0,process,N,1.0
2025-04-03T14:10:55,Lucas Sequence - Recursive,1d409e2d-85eb-4287-b7c3-9831a1c2a8ac,5b0fa12a-3dd7-45bb-9766-cc326314d9f1,7.365989666999994,1.390847983477843e-07,1.888202463423092e-08,1.5483,0.0028,0.0542993545532226,2.793889071458313e-07,3.108846772888882e-09,9.661945443754885e-09,2.921596993624751e-07,United States,USA,texas,,,macOS-10.16-x86_64-i386-64bit,3.9.12,2.8.3,8,Apple M1 Pro,1,Apple M1 Pro,-97.1479,32.6227,16.0,process,N,1.0
2025-04-03T14:11:13,Lucas Sequence - Iterative,aa637713-1665-4f46-8330-cd3a44e8d035,5b0fa12a-3dd7-45bb-9766-cc326314d9f1,6.870254665999994,1.930716241494748e-08,2.810254256002494e-09,1.998,0.0302,0.0476131439208984,1.1568095879995044e-08,2.8969240944444363e-08,1.903478267661268e-11,4.055637160711601e-08,United States,USA,texas,,,macOS-10.16-x86_64-i386-64bit,3.9.12,2.8.3,8,Apple M1 Pro,1,Apple M1 Pro,-97.1479,32.6227,16.0,process,N,1.0
2025-04-03T14:11:29,Lucas Sequence - Iterative,313a5f18-c811-4fe3-898d-cfb750f68671,5b0fa12a-3dd7-45bb-9766-cc326314d9f1,6.764499666999996,3.9595279442498114e-09,5.85339365683764e-10,1.0436000000000003,0.0018,0.0226907730102539,6.611966958328097e-09,1.6960198959999955e-09,9.345503710823304e-12,8.317332358038915e-09,United States,USA,texas,,,macOS-10.16-x86_64-i386-64bit,3.9.12,2.8.3,8,Apple M1 Pro,1,Apple M1 Pro,-97.1479,32.6227,16.0,process,N,1.0
2025-04-03T14:11:43,Lucas Sequence - Iterative,3f884170-b437-41e1-939c-d579e3328e88,5b0fa12a-3dd7-45bb-9766-cc326314d9f1,6.7263324169999805,1.6375921232018367e-09,2.434598859644557e-10,0.8479000000000001,0.0009,0.0252871513366699,2.594927291661937e-09,8.40557510499998e-10,4.419688310569305e-12,3.4399044904725046e-09,United States,USA,texas,,,macOS-10.16-x86_64-i386-64bit,3.9.12,2.8.3,8,Apple M1 Pro,1,Apple M1 Pro,-97.1479,32.6227,16.0,process,N,1.0
2025-04-03T14:13:20,Lucas Sequence - Recursive,d12b10fd-e42e-4226-a81f-03d9d1d06c99,5b0fa12a-3dd7-45bb-9766-cc326314d9f1,86.60091020799999,3.58606470401499e-05,4.140908791145382e-07,2.6986,0.0090999999999999,0.020998477935791,7.474090045740648e-05,2.230207309084169e-07,3.644826534622384e-07,7.532840384177711e-05,United States,USA,texas,,,macOS-10.16-x86_64-i386-64bit,3.9.12,2.8.3,8,Apple M1 Pro,1,Apple M1 Pro,-97.1479,32.6227,16.0,process,N,1.0
2025-04-03T14:14:56,Lucas Sequence - Recursive,e5a9e266-1181-4791-abfa-0efaa8a438af,5b0fa12a-3dd7-45bb-9766-cc326314d9f1,86.30952129099995,3.635522147156862e-05,4.212191300307862e-07,3.2274000000000007,0.0018,0.0293269157409667,7.585101073856211e-05,6.361984874455563e-08,4.526698047199498e-07,7.636730039202661e-05,United States,USA,texas,,,macOS-10.16-x86_64-i386-64bit,3.9.12,2.8.3,8,Apple M1 Pro,1,Apple M1 Pro,-97.1479,32.6227,16.0,process,N,1.0
2025-04-03T14:18:52,Lucas Sequence - Iterative,d228d42a-8ce5-40c7-91db-c7bf919a6c71,5b0fa12a-3dd7-45bb-9766-cc326314d9f1,6.825422459000002,5.021133410333406e-09,7.356516670572587e-10,0.6575000000000001,0.0062999999999999,0.0655217170715332,4.520852928472337e-09,5.980836968749998e-09,4.563694976846863e-11,1.0547326846990804e-08,United States,USA,texas,,,macOS-10.16-x86_64-i386-64bit,3.9.12,2.8.3,8,Apple M1 Pro,1,Apple M1 Pro,-97.1479,32.6227,16.0,process,N,1.0
2025-04-03T14:19:08,Lucas Sequence - Iterative,bc500ba7-829b-4f14-8c49-55f5041a4c04,5b0fa12a-3dd7-45bb-9766-cc326314d9f1,6.746538166999997,2.707130621908001e-09,4.01262181417672e-10,0.6979,0.0018,0.0578455924987793,3.980219079666888e-09,1.6948035835000003e-09,1.1540340317465822e-11,5.686563003484355e-09,United States,USA,texas,,,macOS-10.16-x86_64-i386-64bit,3.9.12,2.8.3,8,Apple M1 Pro,1,Apple M1 Pro,-97.1479,32.6227,16.0,process,N,1.0
2025-04-03T14:19:22,Lucas Sequence - Iterative,dc3dab34-bde4-459e-9c84-71d665b60114,5b0fa12a-3dd7-45bb-9766-cc326314d9f1,6.731004583000001,1.8409211378798635e-09,2.734987200171192e-10,0.7111000000000001,0.0018,0.0584077835083007,2.1767971968884788e-09,1.682496770500002e-09,7.720778882492936e-12,3.8670147462709736e-09,United States,USA,texas,,,macOS-10.16-x86_64-i386-64bit,3.9.12,2.8.3,8,Apple M1 Pro,1,Apple M1 Pro,-97.1479,32.6227,16.0,process,N,1.0
2025-04-03T14:19:39,Lucas Sequence - Recursive,8ea4f698-cc1f-43f0-8924-f14bc46a779a,5b0fa12a-3dd7-45bb-9766-cc326314d9f1,6.740491917,1.4230725061428782e-08,2.111229452784874e-09,3.6987,0.0018,0.058509349822998,2.8175447261330724e-08,1.6847258545000015e-09,3.27009081212182e-11,2.9892874023951936e-08,United States,USA,texas,,,macOS-10.16-x86_64-i386-64bit,3.9.12,2.8.3,8,Apple M1 Pro,1,Apple M1 Pro,-97.1479,32.6227,16.0,process,N,1.0
2025-04-03T14:19:55,Lucas Sequence - Recursive,2ab16e4c-838e-4acb-9387-a2617bd201bb,5b0fa12a-3dd7-45bb-9766-cc326314d9f1,6.764033417000007,4.186119943695034e-09,6.188792523073707e-10,0.6514,0.0018,0.0557756423950195,6.8203615625007425e-09,1.696463749999999e-09,2.764832213839476e-10,8.79330853388469e-09,United States,USA,texas,,,macOS-10.16-x86_64-i386-64bit,3.9.12,2.8.3,8,Apple M1 Pro,1,Apple M1 Pro,-97.1479,32.6227,16.0,process,N,1.0
2025-04-03T14:20:10,Lucas Sequence - Recursive,ef7c298a-1c99-483b-9bd6-74b219e3aef9,5b0fa12a-3dd7-45bb-9766-cc326314d9f1,7.436283250000002,3.553575526604322e-07,4.778698453430106e-08,3.7759,0.0189,0.0294299125671386,7.197633250242269e-07,2.1179313965250025e-08,5.516765523228673e-09,7.464594045127055e-07,United States,USA,texas,,,macOS-10.16-x86_64-i386-64bit,3.9.12,2.8.3,8,Apple M1 Pro,1,Apple M1 Pro,-97.1479,32.6227,16.0,process,N,1.0
2025-04-03T14:20:27,Lucas Sequence - Iterative,1dc7638a-d62b-4bef-802b-6f80b0b74f3f,5b0fa12a-3dd7-45bb-9766-cc326314d9f1,6.753261000000009,2.8200174562661582e-09,4.1757862701680767e-10,0.8511000000000001,0.0,0.0313310623168945,5.909973385415769e-09,0.0,1.3718218604718307e-11,5.923691604020489e-09,United States,USA,texas,,,macOS-10.16-x86_64-i386-64bit,3.9.12,2.8.3,8,Apple M1 Pro,1,Apple M1 Pro,-97.1479,32.6227,16.0,process,N,1.0
2025-04-03T14:20:42,Lucas Sequence - Iterative,0884eab2-7581-498f-80e6-5601bd6a34ae,5b0fa12a-3dd7-45bb-9766-cc326314d9f1,6.750443667000013,3.1262685458783502e-09,4.6312045549855024e-10,0.7783,0.0009,0.0316343307495117,5.699606131640219e-09,8.497402395000002e-10,1.7652246539636533e-11,6.566998617679857e-09,United States,USA,texas,,,macOS-10.16-x86_64-i386-64bit,3.9.12,2.8.3,8,Apple M1 Pro,1,Apple M1 Pro,-97.1479,32.6227,16.0,process,N,1.0
2025-04-03T14:20:56,Lucas Sequence - Iterative,9451178c-39a9-4b1c-a4b5-7b2152964e07,5b0fa12a-3dd7-45bb-9766-cc326314d9f1,6.814195250000012,3.076931346313561e-09,4.5154728231680126e-10,1.6572000000000002,0.0009,0.031775951385498,5.622645290329777e-09,8.35404083249997e-10,5.312171152745323e-12,6.4633615447325205e-09,United States,USA,texas,,,macOS-10.16-x86_64-i386-64bit,3.9.12,2.8.3,8,Apple M1 Pro,1,Apple M1 Pro,-97.1479,32.6227,16.0,process,N,1.0
2025-04-03T14:22:36,Lucas Sequence - Recursive,e95a2300-3f21-4d51-bbe0-64b697261d37,5b0fa12a-3dd7-45bb-9766-cc326314d9f1,89.834920042,2.955285665139316e-05,3.2896847503817534e-07,0.6023000000000001,0.0009,0.0173707008361816,6.179994154593698e-05,3.5864098112722186e-08,2.425366129054759e-07,6.207834225695518e-05,United States,USA,texas,,,macOS-10.16-x86_64-i386-64bit,3.9.12,2.8.3,8,Apple M1 Pro,1,Apple M1 Pro,-97.1479,32.6227,16.0,process,N,1.0
2025-04-03T14:24:14,Lucas Sequence - Recursive,5f51bd25-e503-46ee-95ea-65570e218314,5b0fa12a-3dd7-45bb-9766-cc326314d9f1,88.78456462499997,2.9892195792206745e-05,3.366823492175992e-07,0.6766,0.0179,0.0182304382324218,6.239683456717923e-05,4.639840990755536e-08,3.479206189920066e-07,6.279115359607878e-05,United States,USA,texas,,,macOS-10.16-x86_64-i386-64bit,3.9.12,2.8.3,8,Apple M1 Pro,1,Apple M1 Pro,-97.1479,32.6227,16.0,process,N,1.0
2025-04-03T14:26:36,Lucas Sequence - Iterative,52c9b8de-8678-4d5a-9dde-9c6cb0ed1c19,5b0fa12a-3dd7-45bb-9766-cc326314d9f1,6.753960375000002,5.537902575716373e-09,8.199489289595324e-10,1.5785,0.0,0.0648236274719238,1.1590903576388869e-08,0.0,4.1941787302507127e-11,1.1632845363691376e-08,United States,USA,texas,,,macOS-10.16-x86_64-i386-64bit,3.9.12,2.8.3,8,Apple M1 Pro,1,Apple M1 Pro,-97.1479,32.6227,16.0,process,N,1.0
2025-04-03T14:26:51,Lucas Sequence - Iterative,9c6f446c-1a5d-4161-82b8-2150baeba3c8,5b0fa12a-3dd7-45bb-9766-cc326314d9f1,6.810261124999997,5.474540115463712e-09,8.03866403208396e-10,1.5385,0.0009,0.0562291145324707,1.0620350972221445e-08,8.579808227499992e-10,2.1415217511235653e-11,1.149974701248268e-08,United States,USA,texas,,,macOS-10.16-x86_64-i386-64bit,3.9.12,2.8.3,8,Apple M1 Pro,1,Apple M1 Pro,-97.1479,32.6227,16.0,process,N,1.0
2025-04-03T14:27:05,Lucas Sequence - Iterative,676cefda-bd99-45b1-8b58-1e7c93085885,5b0fa12a-3dd7-45bb-9766-cc326314d9f1,6.686115999999998,2.447680612352119e-09,3.660840781631847e-10,1.1602,0.0009,0.0234847068786621,4.296701438444828e-09,8.40481562499999e-10,4.382722521215178e-12,5.141565723466043e-09,United States,USA,texas,,,macOS-10.16-x86_64-i386-64bit,3.9.12,2.8.3,8,Apple M1 Pro,1,Apple M1 Pro,-97.1479,32.6227,16.0,process,N,1.0
2025-04-03T14:27:22,Lucas Sequence - Recursive,939fe3b9-cf2b-44aa-92d7-4491acb0439b,5b0fa12a-3dd7-45bb-9766-cc326314d9f1,6.784639542000008,3.555628649866422e-09,5.240703839688843e-10,0.8443999999999999,0.0009,0.0240097045898437,6.604507906889456e-09,8.52397104249998e-10,1.2001797726952672e-11,7.468906808866407e-09,United States,USA,texas,,,macOS-10.16-x86_64-i386-64bit,3.9.12,2.8.3,8,Apple M1 Pro,1,Apple M1 Pro,-97.1479,32.6227,16.0,process,N,1.0
2025-04-03T14:27:37,Lucas Sequence - Recursive,b16f6c13-7d39-4a93-9cb2-f42d99351498,5b0fa12a-3dd7-45bb-9766-cc326314d9f1,6.718959666999993,3.113335285459857e-09,4.6336567560465165e-10,0.6024,0.0,0.0244159698486328,6.419548055334227e-09,0.0,1.20283125497535e-10,6.539831180831762e-09,United States,USA,texas,,,macOS-10.16-x86_64-i386-64bit,3.9.12,2.8.3,8,Apple M1 Pro,1,Apple M1 Pro,-97.1479,32.6227,16.0,process,N,1.0
2025-04-03T14:27:52,Lucas Sequence - Recursive,f99b21a4-6db3-4793-8501-0a350946ebe9,5b0fa12a-3dd7-45bb-9766-cc326314d9f1,7.367525583000003,5.1886465772126414e-08,7.042590512593595e-09,0.5778000000000001,0.0,0.02470064163208,1.0459907381250008e-07,0.0,4.39295422395073e-09,1.089920280364509e-07,United States,USA,texas,,,macOS-10.16-x86_64-i386-64bit,3.9.12,2.8.3,8,Apple M1 Pro,1,Apple M1 Pro,-97.1479,32.6227,16.0,process,N,1.0
2025-04-03T14:28:09,Lucas Sequence - Iterative,f2fb81ba-589a-43f1-9f89-a2a0cddbed40,5b0fa12a-3dd7-45bb-9766-cc326314d9f1,6.757030792000009,1.4640303187311152e-08,2.166676997335065e-09,3.5802,0.0018,0.0273756980895996,2.90487652065041e-08,1.693248083500002e-09,1.1215161927962589e-11,3.0753228451932064e-08,United States,USA,texas,,,macOS-10.16-x86_64-i386-64bit,3.9.12,2.8.3,8,Apple M1 Pro,1,Apple M1 Pro,-97.1479,32.6227,16.0,process,N,1.0
2025-04-03T14:28:24,Lucas Sequence - Iterative,82843f0a-8527-4234-9213-dfa48677fe29,5b0fa12a-3dd7-45bb-9766-cc326314d9f1,6.765744874999996,6.018049636135444e-09,8.894881121475111e-10,1.3692000000000002,0.0018,0.0270724296569824,1.0929306208331308e-08,1.698811312499998e-09,1.331844721238904e-11,1.2641435968043694e-08,United States,USA,texas,,,macOS-10.16-x86_64-i386-64bit,3.9.12,2.8.3,8,Apple M1 Pro,1,Apple M1 Pro,-97.1479,32.6227,16.0,process,N,1.0
2025-04-03T14:28:38,Lucas Sequence - Iterative,b41d493e-4b9a-434d-93f9-fdef1981850d,5b0fa12a-3dd7-45bb-9766-cc326314d9f1,6.676782916999997,2.508002981311768e-09,3.756304514448195e-10,1.1299,0.0009,0.0275187492370605,4.4300058349404565e-09,8.332392605e-10,5.033003421311325e-12,5.2682780988617694e-09,United States,USA,texas,,,macOS-10.16-x86_64-i386-64bit,3.9.12,2.8.3,8,Apple M1 Pro,1,Apple M1 Pro,-97.1479,32.6227,16.0,process,N,1.0
2025-04-03T14:30:15,Lucas Sequence - Recursive,dd0c0509-8f0b-4a79-b50a-8c0978e08e0b,5b0fa12a-3dd7-45bb-9766-cc326314d9f1,86.82631758299999,3.710557458656181e-05,4.273540053232297e-07,1.5177999999999998,0.0054,0.0221314430236816,7.748137559353053e-05,8.930594641724997e-08,3.728007432437936e-07,7.794348228319158e-05,United States,USA,texas,,,macOS-10.16-x86_64-i386-64bit,3.9.12,2.8.3,8,Apple M1 Pro,1,Apple M1 Pro,-97.1479,32.6227,16.0,process,N,1.0
2025-04-03T14:31:55,Lucas Sequence - Recursive,4cfdb10e-a129-439f-b7a0-39e5cade51e2,5b0fa12a-3dd7-45bb-9766-cc326314d9f1,90.90804287500004,3.598715045599808e-05,3.958632186756123e-07,4.1055,0.0274,0.0222516059875488,7.503437251330343e-05,1.6659653724444437e-07,3.931662038751511e-07,7.559413525442303e-05,United States,USA,texas,,,macOS-10.16-x86_64-i386-64bit,3.9.12,2.8.3,8,Apple M1 Pro,1,Apple M1 Pro,-97.1479,32.6227,16.0,process,N,1.0
2025-04-03T14:47:08,Lucas Sequence - Iterative,f202f096-0a33-4c15-b353-3d0af01bb017,5b0fa12a-3dd7-45bb-9766-cc326314d9f1,6.736669374999998,1.2020490242710424e-08,1.78433727018263e-09,1.9998,0.0132999999999999,0.0556640625,1.2680236294000113e-08,1.2547119326388888e-08,2.2728193359368368e-11,2.5250083813748365e-08,United States,USA,texas,,,macOS-10.16-x86_64-i386-64bit,3.9.12,2.8.3,8,Apple M1 Pro,1,Apple M1 Pro,-97.1479,32.6227,16.0,process,N,1.0
2025-04-03T14:47:25,Lucas Sequence - Iterative,b13743bb-eff9-4d85-a48c-45783b12e4e9,5b0fa12a-3dd7-45bb-9766-cc326314d9f1,6.823813750000003,2.516934141226913e-09,3.6884566804404807e-10,0.7009000000000001,0.0009,0.0570673942565918,4.406243479083141e-09,8.611387499999992e-10,1.9656546910591825e-11,5.287038775993732e-09,United States,USA,texas,,,macOS-10.16-x86_64-i386-64bit,3.9.12,2.8.3,8,Apple M1 Pro,1,Apple M1 Pro,-97.1479,32.6227,16.0,process,N,1.0
2025-04-03T14:47:39,Lucas Sequence - Iterative,0a418054-45e8-49f3-ae3c-6db8ad9f0b22,5b0fa12a-3dd7-45bb-9766-cc326314d9f1,6.676489125000003,5.163078497750688e-09,7.73322385625946e-10,2.4655,0.0026999999999999,0.0572719573974609,8.338783281247911e-09,2.495118624750002e-09,1.1592925980836724e-11,1.0845494831978749e-08,United States,USA,texas,,,macOS-10.16-x86_64-i386-64bit,3.9.12,2.8.3,8,Apple M1 Pro,1,Apple M1 Pro,-97.1479,32.6227,16.0,process,N,1.0
2025-04-03T14:47:56,Lucas Sequence - Recursive,79d541bc-8d65-441b-95c4-514ffec72985,5b0fa12a-3dd7-45bb-9766-cc326314d9f1,6.764818957999999,2.3890579081891027e-09,3.531591788371261e-10,0.7254,0.0,0.0243701934814453,4.99733440050019e-09,0.0,2.108924110256206e-11,5.018423641602752e-09,United States,USA,texas,,,macOS-10.16-x86_64-i386-64bit,3.9.12,2.8.3,8,Apple M1 Pro,1,Apple M1 Pro,-97.1479,32.6227,16.0,process,N,1.0
2025-04-03T14:48:12,Lucas Sequence - Recursive,8389327f-9512-4b7f-a0a8-e5c0951faf0e,5b0fa12a-3dd7-45bb-9766-cc326314d9f1,6.771106000000003,1.1574441145678353e-08,1.709387084721218e-09,1.4656,0.0098,0.0242085456848144,1.4906526000004434e-08,9.282023722222221e-09,1.2456922089701948e-10,2.4313118943123672e-08,United States,USA,texas,,,macOS-10.16-x86_64-i386-64bit,3.9.12,2.8.3,8,Apple M1 Pro,1,Apple M1 Pro,-97.1479,32.6227,16.0,process,N,1.0
2025-04-03T14:48:27,Lucas Sequence - Recursive,2046b10c-5696-4aaa-81fb-f1e2add6b845,5b0fa12a-3dd7-45bb-9766-cc326314d9f1,7.405252915999995,1.5496336875056425e-07,2.0926141282189847e-08,1.6380000000000003,0.0195,0.0244603157043457,2.992972937499955e-07,2.1824351022499945e-08,4.392370879686593e-09,3.255140156521819e-07,United States,USA,texas,,,macOS-10.16-x86_64-i386-64bit,3.9.12,2.8.3,8,Apple M1 Pro,1,Apple M1 Pro,-97.1479,32.6227,16.0,process,N,1.0
2025-04-03T14:48:44,Lucas Sequence - Iterative,3ac1e13a-d996-4d60-9fac-9017cd6e6849,5b0fa12a-3dd7-45bb-9766-cc326314d9f1,6.772898917000006,1.7470899391347233e-08,2.5795305090845514e-09,0.9065,0.0308,0.0261955261230468,7.615135086805783e-09,2.906931127955558e-08,1.4695268115992358e-11,3.669914163447736e-08,United States,USA,texas,,,macOS-10.16-x86_64-i386-64bit,3.9.12,2.8.3,8,Apple M1 Pro,1,Apple M1 Pro,-97.1479,32.6227,16.0,process,N,1.0
2025-04-03T14:48:59,Lucas Sequence - Iterative,02492c46-c5a0-491d-b87c-0d55b8a32b81,5b0fa12a-3dd7-45bb-9766-cc326314d9f1,6.766485250000002,5.194813787381914e-09,7.677270540687147e-10,1.5524,0.0,0.0269107818603515,1.0901639305773275e-08,0.0,1.0518258495279376e-11,1.0912157564268556e-08,United States,USA,texas,,,macOS-10.16-x86_64-i386-64bit,3.9.12,2.8.3,8,Apple M1 Pro,1,Apple M1 Pro,-97.1479,32.6227,16.0,process,N,1.0
2025-04-03T14:49:13,Lucas Sequence - Iterative,250b0a71-c8c5-4576-ad91-a30000b15739,5b0fa12a-3dd7-45bb-9766-cc326314d9f1,6.811251583000001,1.2078467323970187e-09,1.7733109953120026e-10,0.6544000000000001,0.0,0.0244474411010742,2.526552055554589e-09,0.0,1.0634915308086854e-11,2.537186970862676e-09,United States,USA,texas,,,macOS-10.16-x86_64-i386-64bit,3.9.12,2.8.3,8,Apple M1 Pro,1,Apple M1 Pro,-97.1479,32.6227,16.0,process,N,1.0
2025-04-03T14:50:51,Lucas Sequence - Recursive,24c44ffb-507a-4dd4-a2dd-f2b07d422438,5b0fa12a-3dd7-45bb-9766-cc326314d9f1,87.05851487499999,3.259695900281149e-05,3.744258565588298e-07,2.2535,0.0018,0.0295057296752929,6.797526853454489e-05,3.0845292552e-08,4.666298193984799e-07,6.847274364649535e-05,United States,USA,texas,,,macOS-10.16-x86_64-i386-64bit,3.9.12,2.8.3,8,Apple M1 Pro,1,Apple M1 Pro,-97.1479,32.6227,16.0,process,N,1.0
2025-04-03T14:52:28,Lucas Sequence - Recursive,ae3c334f-0423-47ed-914a-cd83d3d9fbd4,5b0fa12a-3dd7-45bb-9766-cc326314d9f1,88.37693979100001,2.7814803032857928e-05,3.147291940480891e-07,0.7566999999999999,0.0018,0.016758441925048828,5.816869303671881e-05,3.148941264525004e-08,2.272272204267433e-07,5.8427409669790795e-05,United States,USA,texas,,,macOS-10.16-x86_64-i386-64bit,3.9.12,2.8.3,8,Apple M1 Pro,1,Apple M1 Pro,-97.1479,32.6227,16.0,process,N,1.0
